{"cameraMode":{"drawMode":0,"name":"Shaded","section":"Shading Mode"},"sceneLighting":true,"audioPlay":false,"sceneViewState":{"showFog":true,"showMaterialUpdate":false,"showSkybox":true,"showFlares":true,"showImageEffects":true,"showParticleSystems":true},"in2DMode":false,"pivot":{"x":93.65904235839844,"y":4.768651962280273,"z":17.037784576416017},"rotation":{"x":-0.07158681005239487,"y":-0.6884833574295044,"z":0.0685984343290329,"w":-0.7184732556343079},"size":55.46385955810547,"orthographic":false}