{"cameraMode":{"drawMode":0,"name":"Shaded","section":"Shading Mode"},"sceneLighting":true,"audioPlay":false,"sceneViewState":{"showFog":true,"showMaterialUpdate":false,"showSkybox":true,"showFlares":true,"showImageEffects":true,"showParticleSystems":true},"in2DMode":false,"pivot":{"x":44.55765914916992,"y":11.207120895385743,"z":6.596696853637695},"rotation":{"x":-0.05456303060054779,"y":-0.9451428055763245,"z":0.2151368260383606,"w":-0.23971903324127198},"size":10.41336441040039,"orthographic":false}