{"cameraMode":{"drawMode":0,"name":"Shaded","section":"Shading Mode"},"sceneLighting":true,"audioPlay":false,"sceneViewState":{"showFog":true,"showMaterialUpdate":false,"showSkybox":true,"showFlares":true,"showImageEffects":true,"showParticleSystems":true},"in2DMode":false,"pivot":{"x":49.88190460205078,"y":12.531086921691895,"z":14.930858612060547},"rotation":{"x":-0.0936819463968277,"y":-0.6083315014839172,"z":0.07261794060468674,"w":-0.7847947478294373},"size":9.5133638381958,"orthographic":false}