{"cameraMode":{"drawMode":0,"name":"Shaded","section":"Shading Mode"},"sceneLighting":false,"audioPlay":false,"sceneViewState":{"showFog":true,"showMaterialUpdate":false,"showSkybox":false,"showFlares":true,"showImageEffects":true,"showParticleSystems":true},"in2DMode":false,"pivot":{"x":-0.05276811122894287,"y":0.21603013575077058,"z":-0.029735326766967775},"rotation":{"x":-0.26986199617385867,"y":0.021096374839544297,"z":-0.005908439867198467,"w":-0.962675154209137},"size":1.897975206375122,"orthographic":false}