{"cameraMode":{"drawMode":0,"name":"Shaded","section":"Shading Mode"},"sceneLighting":false,"audioPlay":false,"sceneViewState":{"showFog":true,"showMaterialUpdate":false,"showSkybox":false,"showFlares":true,"showImageEffects":true,"showParticleSystems":true},"in2DMode":false,"pivot":{"x":0.004004240036010742,"y":0.29097306728363039,"z":0.10564655065536499},"rotation":{"x":-0.040617235004901889,"y":0.5152783989906311,"z":-0.025593865662813188,"w":-0.8560808897018433},"size":1.5606249570846558,"orthographic":false}