{"cameraMode":{"drawMode":0,"name":"Shaded","section":"Shading Mode"},"sceneLighting":true,"audioPlay":false,"sceneViewState":{"showFog":true,"showMaterialUpdate":false,"showSkybox":true,"showFlares":true,"showImageEffects":true,"showParticleSystems":true},"in2DMode":false,"pivot":{"x":42.33588790893555,"y":19.191818237304689,"z":28.940000534057618},"rotation":{"x":-0.03450381010770798,"y":-0.9649664759635925,"z":0.14701436460018159,"w":-0.21705441176891328},"size":0.00604894757270813,"orthographic":false}