{"cameraMode":{"drawMode":0,"name":"Shaded","section":"Shading Mode"},"sceneLighting":false,"audioPlay":false,"sceneViewState":{"showFog":true,"showMaterialUpdate":false,"showSkybox":false,"showFlares":true,"showImageEffects":true,"showParticleSystems":true},"in2DMode":false,"pivot":{"x":35.85696792602539,"y":-28.9211483001709,"z":54.3741340637207},"rotation":{"x":-0.1648721992969513,"y":0.8285335302352905,"z":-0.42733120918273928,"w":-0.3237631618976593},"size":2.8578836917877199,"orthographic":false}