{"cameraMode":{"drawMode":0,"name":"Shaded","section":"Shading Mode"},"sceneLighting":false,"audioPlay":false,"sceneViewState":{"showFog":true,"showMaterialUpdate":false,"showSkybox":false,"showFlares":true,"showImageEffects":true,"showParticleSystems":true},"in2DMode":false,"pivot":{"x":0.0,"y":0.3344467282295227,"z":-0.0394742488861084},"rotation":{"x":0.03893919289112091,"y":0.9453139901161194,"z":-0.12452304363250733,"w":0.29976168274879458},"size":2.5407493114471437,"orthographic":false}