{"cameraMode":{"drawMode":0,"name":"Shaded","section":"Shading Mode"},"sceneLighting":true,"audioPlay":false,"sceneViewState":{"showFog":true,"showMaterialUpdate":false,"showSkybox":true,"showFlares":true,"showImageEffects":true,"showParticleSystems":true},"in2DMode":false,"pivot":{"x":49.274234771728519,"y":4.190839767456055,"z":77.94647979736328},"rotation":{"x":-0.0838492140173912,"y":-0.06399262696504593,"z":0.0041928826831281189,"w":-0.9949434995651245},"size":71.18534851074219,"orthographic":false}