{"cameraMode":{"drawMode":0,"name":"Shaded","section":"Shading Mode"},"sceneLighting":true,"audioPlay":false,"sceneViewState":{"showFog":true,"showMaterialUpdate":false,"showSkybox":true,"showFlares":true,"showImageEffects":true,"showParticleSystems":true},"in2DMode":false,"pivot":{"x":59.72507858276367,"y":19.099292755126954,"z":-27.49614715576172},"rotation":{"x":-0.011107079684734345,"y":0.9867454171180725,"z":-0.08925224840641022,"w":-0.13918673992156983},"size":10.744711875915528,"orthographic":false}