{"cameraMode":{"drawMode":0,"name":"Shaded","section":"Shading Mode"},"sceneLighting":false,"audioPlay":false,"sceneViewState":{"showFog":true,"showMaterialUpdate":false,"showSkybox":false,"showFlares":true,"showImageEffects":true,"showParticleSystems":true},"in2DMode":false,"pivot":{"x":355.33740234375,"y":199.5966033935547,"z":402.8292541503906},"rotation":{"x":0.19895708560943604,"y":0.2516312599182129,"z":0.05188293755054474,"w":-0.9461585879325867},"size":448.19122314453127,"orthographic":false}