{"cameraMode":{"drawMode":0,"name":"Shaded","section":"Shading Mode"},"sceneLighting":true,"audioPlay":false,"sceneViewState":{"showFog":true,"showMaterialUpdate":false,"showSkybox":true,"showFlares":true,"showImageEffects":true,"showParticleSystems":true},"in2DMode":false,"pivot":{"x":45.14565658569336,"y":8.048349380493164,"z":10.720381736755371},"rotation":{"x":0.3280075788497925,"y":0.6615638732910156,"z":-0.3896337151527405,"w":0.5515857934951782},"size":6.544709205627441,"orthographic":false}